{
  "model_name": "LightGBM",
  "public_model_file": "LGBM_TUNED_ROC.joblib",
  "feature_count": 30,
  "threshold": 0.20499999999999996,
  "best_F1": 0.9618696186961869,
  "best_YoudenJ": 0.8248737373660098,
  "best_params": {
    "n_estimators": 1600,
    "learning_rate": 0.21207006195643469,
    "num_leaves": 181,
    "max_depth": 8,
    "min_child_samples": 37,
    "subsample": 0.7219288322454174,
    "colsample_bytree": 0.5649143138942795,
    "reg_alpha": 0.018521014750459974,
    "reg_lambda": 0.5378726609087602
  }
}